{
  "App.tsx": 1775580922.6849854,
  "babel.config.js": 1775948042.9060163,
  "metro.config.js": 1775948428.4366665,
  "src\\components\\ClientFieldsForm.tsx": 1775714991.4292073,
  "src\\components\\DocumentScannerModal.tsx": 1775708211.2351146,
  "src\\components\\OfflineBanner.tsx": 1775679956.6065953,
  "src\\components\\RouteStop.tsx": 1775679946.2765286,
  "src\\components\\StatusBadge.tsx": 1775679928.041461,
  "src\\components\\TaskCard.tsx": 1775950360.0508432,
  "src\\hooks\\useAuth.ts": 1775567252.8205717,
  "src\\hooks\\useRealtime.ts": 1775482323.6317363,
  "src\\lib\\notifications.ts": 1775567241.8244596,
  "src\\lib\\supabase.ts": 1775475926.1544738,
  "src\\navigation\\index.tsx": 1775910369.1599364,
  "src\\screens\\CalendarScreen.tsx": 1775713760.507214,
  "src\\screens\\ClientFieldsForm.tsx": 1775715211.120864,
  "src\\screens\\ClientFieldsSettingsScreen.tsx": 1775714788.9445717,
  "src\\screens\\ClientProfileScreen.tsx": 1775680996.5567284,
  "src\\screens\\DashboardScreen.tsx": 1775948451.4850552,
  "src\\screens\\EditClientScreen.tsx": 1775714452.8475308,
  "src\\screens\\FinancialReportScreen.tsx": 1775910784.9853966,
  "src\\screens\\MinistryRequirementsScreen.tsx": 1775714666.8641167,
  "src\\screens\\NewTaskScreen.tsx": 1775950429.449204,
  "src\\screens\\ServiceStagesScreen.tsx": 1775714132.6690574,
  "src\\screens\\SettingsScreen.tsx": 1775681423.148461,
  "src\\screens\\StageRequirementsScreen.tsx": 1775950355.5635774,
  "src\\screens\\TaskDetailScreen.tsx": 1775946463.030996,
  "src\\screens\\TeamScreen.tsx": 1775715476.9295094,
  "src\\screens\\auth\\LoginScreen.tsx": 1775713956.6956298,
  "src\\store\\offlineQueue.ts": 1775464398.0,
  "src\\theme\\index.ts": 1775663742.731826,
  "src\\types\\index.ts": 1775910346.8641288,
  "CLAUDE.md": 1775985478.029466,
  "README.md": 1775464398.0,
  "assets\\adaptive-icon.png": 1775728988.6308112,
  "assets\\icon-fullbleed.png": 1775983985.9648607,
  "assets\\icon.png": 1775728988.6308112,
  "src/screens/NewTaskScreen.tsx": 1776022377.0575159,
  "src/screens/StageRequirementsScreen.tsx": 1776021651.9050395
}